<?xml version="1.0" encoding="UTF-8" standalone="no"?>
<Session genome="hg19" hasGeneTrack="true" hasSequenceTrack="true" locus="chr2:190349562-190354046" nextAutoscaleGroup="6" path="/Users/u900/ELODIE/TP_IGV/IGV/IGV_data/chipseq/chipseq.xml" version="8">
    <Resources>
        <Resource name="MCF-7 GATA3_(SC-268) ChipSeq Signal" path="http://hgdownload.cse.ucsc.edu/goldenPath/hg19/encodeDCC/wgEncodeSydhTfbs/wgEncodeSydhTfbsMcf7Gata3UcdSig.bigWig"/>
        <Resource name="MCF-7 GATA3_(SC-268) ChipSeq Peaks" path="http://hgdownload.cse.ucsc.edu/goldenPath/hg19/encodeDCC/wgEncodeSydhTfbs/wgEncodeSydhTfbsMcf7Gata3UcdPk.narrowPeak.gz"/>
        <Resource name="MCF-7 Input ChipSeq Signal" path="http://hgdownload.cse.ucsc.edu/goldenPath/hg19/encodeDCC/wgEncodeSydhHistone/wgEncodeSydhHistoneMcf7InputUcdSig.bigWig"/>
        <Resource name="MCF-7 GATA3_(SC-268) ChipSeq Alignments rep 1" path="http://hgdownload.cse.ucsc.edu/goldenPath/hg19/encodeDCC/wgEncodeHaibTfbs/wgEncodeHaibTfbsMcf7Gata3V0422111AlnRep1.bam"/>
    </Resources>
    <Panel height="185" name="DataPanel" width="1411">
        <Track altColor="0,0,178" autoScale="false" clazz="org.broad.igv.track.DataSourceTrack" color="255,0,51" displayMode="COLLAPSED" featureVisibilityWindow="-1" fontSize="10" id="http://hgdownload.cse.ucsc.edu/goldenPath/hg19/encodeDCC/wgEncodeSydhTfbs/wgEncodeSydhTfbsMcf7Gata3UcdSig.bigWig" name="MCF-7 GATA3_(SC-268) ChipSeq Signal" normalize="false" renderer="BAR_CHART" sortable="true" visible="true" windowFunction="mean">
            <DataRange baseline="0.0" drawBaseline="true" flipAxis="false" maximum="140.0" minimum="0.0" type="LINEAR"/>
        </Track>
        <Track altColor="0,0,178" autoScale="false" clazz="org.broad.igv.track.DataSourceTrack" color="102,102,255" displayMode="COLLAPSED" featureVisibilityWindow="-1" fontSize="10" id="http://hgdownload.cse.ucsc.edu/goldenPath/hg19/encodeDCC/wgEncodeSydhHistone/wgEncodeSydhHistoneMcf7InputUcdSig.bigWig" name="MCF-7 Input ChipSeq Signal" normalize="false" renderer="BAR_CHART" sortable="true" visible="true" windowFunction="mean">
            <DataRange baseline="0.0" drawBaseline="true" flipAxis="false" maximum="140.0" minimum="0.0" type="LINEAR"/>
        </Track>
        <Track altColor="0,0,178" autoScale="false" clazz="org.broad.igv.track.FeatureTrack" color="0,0,178" colorScale="ContinuousColorScale;0.0;133.0;255,255,255;0,0,178" displayMode="COLLAPSED" featureVisibilityWindow="-1" fontSize="10" id="http://hgdownload.cse.ucsc.edu/goldenPath/hg19/encodeDCC/wgEncodeSydhTfbs/wgEncodeSydhTfbsMcf7Gata3UcdPk.narrowPeak.gz" name="MCF-7 GATA3_(SC-268) ChipSeq Peaks" renderer="BASIC_FEATURE" sortable="false" visible="true" windowFunction="count">
            <DataRange baseline="0.0" drawBaseline="true" flipAxis="false" maximum="133.0" minimum="0.0" type="LINEAR"/>
        </Track>
    </Panel>
    <Panel height="860" name="Panel1510239269369" width="1411">
        <Track altColor="0,0,178" autoScale="true" color="175,175,175" colorScale="ContinuousColorScale;0.0;82.0;255,255,255;175,175,175" displayMode="COLLAPSED" featureVisibilityWindow="-1" fontSize="10" id="http://hgdownload.cse.ucsc.edu/goldenPath/hg19/encodeDCC/wgEncodeHaibTfbs/wgEncodeHaibTfbsMcf7Gata3V0422111AlnRep1.bam_coverage" name="MCF-7 GATA3_(SC-268) ChipSeq Alignments rep 1 Coverage" showReference="false" snpThreshold="0.2" sortable="true" visible="true">
            <DataRange baseline="0.0" drawBaseline="true" flipAxis="false" maximum="82.0" minimum="0.0" type="LINEAR"/>
        </Track>
        <Track altColor="0,0,178" autoScale="false" clazz="org.broad.igv.track.FeatureTrack" color="0,0,178" displayMode="COLLAPSED" featureVisibilityWindow="-1" fontSize="10" height="60" id="http://hgdownload.cse.ucsc.edu/goldenPath/hg19/encodeDCC/wgEncodeHaibTfbs/wgEncodeHaibTfbsMcf7Gata3V0422111AlnRep1.bam_junctions" name="MCF-7 GATA3_(SC-268) ChipSeq Alignments rep 1 Junctions" sortable="false" visible="false" windowFunction="count">
            <DataRange baseline="0.0" drawBaseline="true" flipAxis="false" maximum="60.0" minimum="0.0" type="LINEAR"/>
        </Track>
        <Track altColor="0,0,178" autoScale="false" color="0,0,178" displayMode="COLLAPSED" featureVisibilityWindow="-1" fontSize="10" id="http://hgdownload.cse.ucsc.edu/goldenPath/hg19/encodeDCC/wgEncodeHaibTfbs/wgEncodeHaibTfbsMcf7Gata3V0422111AlnRep1.bam" name="MCF-7 GATA3_(SC-268) ChipSeq Alignments rep 1" sortable="true" visible="true">
            <RenderOptions/>
        </Track>
    </Panel>
    <Panel height="176" name="FeaturePanel" width="1411">
        <Track altColor="0,0,178" autoScale="false" color="0,0,178" displayMode="COLLAPSED" featureVisibilityWindow="-1" fontSize="10" height="10" id="Reference sequence" name="Reference sequence" sortable="false" visible="true"/>
        <Track altColor="0,0,178" autoScale="false" clazz="org.broad.igv.track.FeatureTrack" color="0,0,178" colorScale="ContinuousColorScale;0.0;423.0;255,255,255;0,0,178" displayMode="EXPANDED" featureVisibilityWindow="-1" fontSize="10" height="8" id="hg19_genes" name="RefSeq Genes" renderer="BASIC_FEATURE" sortable="false" visible="true" windowFunction="count">
            <DataRange baseline="0.0" drawBaseline="true" flipAxis="false" maximum="423.0" minimum="0.0" type="LINEAR"/>
        </Track>
    </Panel>
    <PanelLayout dividerFractions="0.31965811965811963,0.6905982905982906"/>
    <Regions>
        <Region chromosome="chr2" description="enriched signal" end="190354046" start="190349561"/>
        <Region chromosome="chr20" description="no peak" end="55790445" start="55741581"/>
    </Regions>
    <HiddenAttributes>
        <Attribute name="DATA FILE"/>
        <Attribute name="DATA TYPE"/>
        <Attribute name="NAME"/>
    </HiddenAttributes>
</Session>
